run,SEED,spatial_dim,epochs,eval_every,lr,lr_decay,gamma,optimizer,n_fgd_vec,N_test,test_batch_size,N_val,val_batch_size,seq_len,use_seed_seq,seed_frac,x_radius,x_ordering,hess_diag_method,stde_dist,backbone,no_stde,ad_mode,eqn_name,num_mamba_blocks,block_size,mlp_width,mlp_depth,hidden_features,expansion_factor,dt_rank,activation,norm_type,dense_expansion,complement,tie_in_proj,tie_gate,bidirectional,diag_skip,diag_gate,diag_gated,diag_residual,recursive_scan,min_recursion_length,recursive_split,custom_vjp_scan,ssm_activation,run_name,save_every,rand_batch_size,l1_rel,l2_rel,iter_per_s,time_per_epoch,total_time,peak_gpu_mem,num_params,final_loss,best_loss,variant,seed
Mamba/PoissonHouman/num_mamba_blocks1_hidden_features16_expansion_factor1.0_dt_rankauto_activationwave_bidirectionalTrue_ad_modereverse_no_stdeTrue/0,0,2,10000,50000000,0.001,exponential,0.9995,adamw,0,2000,100,200,20,4,True,0.01,1.0,none,stacked,rademacher,Mamba,True,reverse,PoissonHouman,1,-1,128,4,16,1.0,auto,wave,none,2,False,False,False,True,False,False,False,False,False,100,False,False,silu,Mamba/PoissonHouman/num_mamba_blocks1_hidden_features16_expansion_factor1.0_dt_rankauto_activationwave_bidirectionalTrue_ad_modereverse_no_stdeTrue/0,10000,16,0.4632018208503723,0.491876482963562,0.0,0.006196547675132751,62.022735357284546,112.18310546875,335,51.46006393432617,12.678653717041016,Mamba,0
Mamba/PoissonHouman/num_mamba_blocks2_hidden_features8_expansion_factor1.0_dt_rankauto_activationwave_bidirectionalFalse_ad_modereverse_no_stdeTrue/0,0,2,10000,50000000,0.001,exponential,0.9995,adamw,0,2000,100,200,20,4,True,0.01,1.0,none,stacked,rademacher,Mamba,True,reverse,PoissonHouman,2,-1,128,4,8,1.0,auto,wave,none,2,False,False,False,False,False,False,False,False,False,100,False,False,silu,Mamba/PoissonHouman/num_mamba_blocks2_hidden_features8_expansion_factor1.0_dt_rankauto_activationwave_bidirectionalFalse_ad_modereverse_no_stdeTrue/0,10000,16,0.17836487293243408,0.19536596536636353,0.0,0.005937326288223267,59.429354429244995,112.184814453125,239,51.291221618652344,12.636727333068848,Mamba,0
Mamba/PoissonHouman/num_mamba_blocks2_hidden_features8_expansion_factor1.0_dt_rankauto_activationgelu_bidirectionalTrue_ad_modeforward_no_stdeFalse/0,0,2,10000,50000000,0.001,exponential,0.9995,adamw,0,2000,100,200,20,4,True,0.01,1.0,none,sparse_stde,rademacher,Mamba,False,forward,PoissonHouman,2,-1,128,4,8,1.0,auto,gelu,none,2,False,False,False,True,False,False,False,False,False,100,False,False,silu,Mamba/PoissonHouman/num_mamba_blocks2_hidden_features8_expansion_factor1.0_dt_rankauto_activationgelu_bidirectionalTrue_ad_modeforward_no_stdeFalse/0,10000,16,0.6477738618850708,0.6169928908348083,0.0,0.008354690289497375,83.6154317855835,112.223876953125,393,51.438934326171875,12.652636528015137,Mamba,0
Mamba/PoissonHouman/num_mamba_blocks2_hidden_features8_expansion_factor1.0_dt_rankauto_activationgelu_bidirectionalFalse_ad_modereverse_no_stdeTrue/0,0,2,10000,50000000,0.001,exponential,0.9995,adamw,0,2000,100,200,20,4,True,0.01,1.0,none,stacked,rademacher,Mamba,True,reverse,PoissonHouman,2,-1,128,4,8,1.0,auto,gelu,none,2,False,False,False,False,False,False,False,False,False,100,False,False,silu,Mamba/PoissonHouman/num_mamba_blocks2_hidden_features8_expansion_factor1.0_dt_rankauto_activationgelu_bidirectionalFalse_ad_modereverse_no_stdeTrue/0,10000,16,0.0698901116847992,0.07689359039068222,0.0,0.005428824114799499,54.34169101715088,112.180419921875,235,51.52891540527344,12.656472206115723,Mamba,0
Mamba/PoissonHouman/num_mamba_blocks2_hidden_features8_expansion_factor1.0_dt_rankauto_activationwave_bidirectionalFalse_ad_modeforward_no_stdeFalse/0,0,2,10000,50000000,0.001,exponential,0.9995,adamw,0,2000,100,200,20,4,True,0.01,1.0,none,sparse_stde,rademacher,Mamba,False,forward,PoissonHouman,2,-1,128,4,8,1.0,auto,wave,none,2,False,False,False,False,False,False,False,False,False,100,False,False,silu,Mamba/PoissonHouman/num_mamba_blocks2_hidden_features8_expansion_factor1.0_dt_rankauto_activationwave_bidirectionalFalse_ad_modeforward_no_stdeFalse/0,10000,16,0.17783349752426147,0.19510677456855774,0.0,0.005254430484771729,52.5868878364563,112.18603515625,239,51.29022979736328,12.636606216430664,Mamba,0
Mamba/PoissonHouman/num_mamba_blocks2_hidden_features8_expansion_factor1.0_dt_rankauto_activationtanh_bidirectionalFalse_ad_modeforward_no_stdeFalse/0,0,2,10000,50000000,0.001,exponential,0.9995,adamw,0,2000,100,200,20,4,True,0.01,1.0,none,sparse_stde,rademacher,Mamba,False,forward,PoissonHouman,2,-1,128,4,8,1.0,auto,tanh,none,2,False,False,False,False,False,False,False,False,False,100,False,False,silu,Mamba/PoissonHouman/num_mamba_blocks2_hidden_features8_expansion_factor1.0_dt_rankauto_activationtanh_bidirectionalFalse_ad_modeforward_no_stdeFalse/0,10000,16,0.08184180408716202,0.08086732774972916,0.0,0.005654244494438171,56.59387445449829,112.1826171875,235,51.472599029541016,12.78564167022705,Mamba,0
Mamba/PoissonHouman/num_mamba_blocks1_hidden_features8_expansion_factor1.0_dt_rankauto_activationgelu_bidirectionalFalse_ad_modeforward_no_stdeFalse/0,0,2,10000,50000000,0.001,exponential,0.9995,adamw,0,2000,100,200,20,4,True,0.01,1.0,none,sparse_stde,rademacher,Mamba,False,forward,PoissonHouman,1,-1,128,4,8,1.0,auto,gelu,none,2,False,False,False,False,False,False,False,False,False,100,False,False,silu,Mamba/PoissonHouman/num_mamba_blocks1_hidden_features8_expansion_factor1.0_dt_rankauto_activationgelu_bidirectionalFalse_ad_modeforward_no_stdeFalse/0,10000,16,0.04137609526515007,0.043976791203022,0.0,0.004864622282981872,48.69551086425781,112.1728515625,126,51.441802978515625,12.722899436950684,Mamba,0
Mamba/PoissonHouman/num_mamba_blocks2_hidden_features8_expansion_factor1.0_dt_rankauto_activationwave_bidirectionalTrue_ad_modeforward_no_stdeFalse/0,0,2,10000,50000000,0.001,exponential,0.9995,adamw,0,2000,100,200,20,4,True,0.01,1.0,none,sparse_stde,rademacher,Mamba,False,forward,PoissonHouman,2,-1,128,4,8,1.0,auto,wave,none,2,False,False,False,True,False,False,False,False,False,100,False,False,silu,Mamba/PoissonHouman/num_mamba_blocks2_hidden_features8_expansion_factor1.0_dt_rankauto_activationwave_bidirectionalTrue_ad_modeforward_no_stdeFalse/0,10000,16,0.9953601360321045,0.9860519170761108,0.0,0.007753826975822449,77.60014081001282,112.20068359375,397,149535.1875,12.977542877197266,Mamba,0
Mamba/PoissonHouman/num_mamba_blocks2_hidden_features16_expansion_factor1.0_dt_rankauto_activationgelu_bidirectionalTrue_ad_modeforward_no_stdeTrue/0,0,2,10000,50000000,0.001,exponential,0.9995,adamw,0,2000,100,200,20,4,True,0.01,1.0,none,forward,rademacher,Mamba,True,forward,PoissonHouman,2,-1,128,4,16,1.0,auto,gelu,none,2,False,False,False,True,False,False,False,False,False,100,False,False,silu,Mamba/PoissonHouman/num_mamba_blocks2_hidden_features16_expansion_factor1.0_dt_rankauto_activationgelu_bidirectionalTrue_ad_modeforward_no_stdeTrue/0,10000,16,0.6811561584472656,0.6502089500427246,0.0,0.011412486815452576,114.22878384590149,112.197265625,649,51.48233413696289,12.634577751159668,Mamba,0
Mamba/PoissonHouman/num_mamba_blocks2_hidden_features16_expansion_factor1.0_dt_rankauto_activationwave_bidirectionalFalse_ad_modeforward_no_stdeTrue/0,0,2,10000,50000000,0.001,exponential,0.9995,adamw,0,2000,100,200,20,4,True,0.01,1.0,none,forward,rademacher,Mamba,True,forward,PoissonHouman,2,-1,128,4,16,1.0,auto,wave,none,2,False,False,False,False,False,False,False,False,False,100,False,False,silu,Mamba/PoissonHouman/num_mamba_blocks2_hidden_features16_expansion_factor1.0_dt_rankauto_activationwave_bidirectionalFalse_ad_modeforward_no_stdeTrue/0,10000,16,0.1306915432214737,0.13763675093650818,0.0,0.00817909379005432,81.86874437332153,112.185791015625,367,51.382328033447266,12.65451431274414,Mamba,0
Mamba/PoissonHouman/num_mamba_blocks2_hidden_features8_expansion_factor1.0_dt_rankauto_activationwave_bidirectionalTrue_ad_modereverse_no_stdeTrue/0,0,2,10000,50000000,0.001,exponential,0.9995,adamw,0,2000,100,200,20,4,True,0.01,1.0,none,stacked,rademacher,Mamba,True,reverse,PoissonHouman,2,-1,128,4,8,1.0,auto,wave,none,2,False,False,False,True,False,False,False,False,False,100,False,False,silu,Mamba/PoissonHouman/num_mamba_blocks2_hidden_features8_expansion_factor1.0_dt_rankauto_activationwave_bidirectionalTrue_ad_modereverse_no_stdeTrue/0,10000,16,0.12103358656167984,0.12918022274971008,0.0,0.0077652667045593265,77.72536563873291,112.221923828125,397,51.66554260253906,12.977279663085938,Mamba,0
Mamba/PoissonHouman/num_mamba_blocks2_hidden_features8_expansion_factor1.0_dt_rankauto_activationtanh_bidirectionalFalse_ad_modeforward_no_stdeTrue/0,0,2,10000,50000000,0.001,exponential,0.9995,adamw,0,2000,100,200,20,4,True,0.01,1.0,none,forward,rademacher,Mamba,True,forward,PoissonHouman,2,-1,128,4,8,1.0,auto,tanh,none,2,False,False,False,False,False,False,False,False,False,100,False,False,silu,Mamba/PoissonHouman/num_mamba_blocks2_hidden_features8_expansion_factor1.0_dt_rankauto_activationtanh_bidirectionalFalse_ad_modeforward_no_stdeTrue/0,10000,16,0.08482585847377777,0.08328014612197876,0.0,0.006217427253723144,62.232802867889404,112.18212890625,235,51.47110366821289,12.78618335723877,Mamba,0
Mamba/PoissonHouman/num_mamba_blocks1_hidden_features16_expansion_factor1.0_dt_rankauto_activationtanh_bidirectionalFalse_ad_modeforward_no_stdeTrue/0,0,2,10000,50000000,0.001,exponential,0.9995,adamw,0,2000,100,200,20,4,True,0.01,1.0,none,forward,rademacher,Mamba,True,forward,PoissonHouman,1,-1,128,4,16,1.0,auto,tanh,none,2,False,False,False,False,False,False,False,False,False,100,False,False,silu,Mamba/PoissonHouman/num_mamba_blocks1_hidden_features16_expansion_factor1.0_dt_rankauto_activationtanh_bidirectionalFalse_ad_modeforward_no_stdeTrue/0,10000,16,0.038283541798591614,0.03951112553477287,0.0,0.005227366185188293,52.32559084892273,112.173583984375,190,51.465126037597656,12.726757049560547,Mamba,0
Mamba/PoissonHouman/num_mamba_blocks1_hidden_features16_expansion_factor1.0_dt_rankauto_activationgelu_bidirectionalFalse_ad_modereverse_no_stdeTrue/0,0,2,10000,50000000,0.001,exponential,0.9995,adamw,0,2000,100,200,20,4,True,0.01,1.0,none,stacked,rademacher,Mamba,True,reverse,PoissonHouman,1,-1,128,4,16,1.0,auto,gelu,none,2,False,False,False,False,False,False,False,False,False,100,False,False,silu,Mamba/PoissonHouman/num_mamba_blocks1_hidden_features16_expansion_factor1.0_dt_rankauto_activationgelu_bidirectionalFalse_ad_modereverse_no_stdeTrue/0,10000,16,0.038628362119197845,0.041417062282562256,0.0,0.00506584894657135,50.70742154121399,112.17529296875,190,51.43033981323242,12.745521545410156,Mamba,0
Mamba/PoissonHouman/num_mamba_blocks2_hidden_features16_expansion_factor1.0_dt_rankauto_activationtanh_bidirectionalTrue_ad_modeforward_no_stdeFalse/0,0,2,10000,50000000,0.001,exponential,0.9995,adamw,0,2000,100,200,20,4,True,0.01,1.0,none,sparse_stde,rademacher,Mamba,False,forward,PoissonHouman,2,-1,128,4,16,1.0,auto,tanh,none,2,False,False,False,True,False,False,False,False,False,100,False,False,silu,Mamba/PoissonHouman/num_mamba_blocks2_hidden_features16_expansion_factor1.0_dt_rankauto_activationtanh_bidirectionalTrue_ad_modeforward_no_stdeFalse/0,10000,16,0.11909689754247665,0.14668436348438263,0.0,0.009415644526481628,94.23755145072937,112.196044921875,649,53.695491790771484,16.930667877197266,Mamba,0
Mamba/PoissonHouman/num_mamba_blocks2_hidden_features8_expansion_factor1.0_dt_rankauto_activationwave_bidirectionalFalse_ad_modeforward_no_stdeTrue/0,0,2,10000,50000000,0.001,exponential,0.9995,adamw,0,2000,100,200,20,4,True,0.01,1.0,none,forward,rademacher,Mamba,True,forward,PoissonHouman,2,-1,128,4,8,1.0,auto,wave,none,2,False,False,False,False,False,False,False,False,False,100,False,False,silu,Mamba/PoissonHouman/num_mamba_blocks2_hidden_features8_expansion_factor1.0_dt_rankauto_activationwave_bidirectionalFalse_ad_modeforward_no_stdeTrue/0,10000,16,0.17966803908348083,0.19571122527122498,0.0,0.006316796612739563,63.226629972457886,112.187255859375,239,51.290374755859375,12.6365385055542,Mamba,0
Mamba/PoissonHouman/num_mamba_blocks1_hidden_features8_expansion_factor1.0_dt_rankauto_activationtanh_bidirectionalFalse_ad_modeforward_no_stdeFalse/0,0,2,10000,50000000,0.001,exponential,0.9995,adamw,0,2000,100,200,20,4,True,0.01,1.0,none,sparse_stde,rademacher,Mamba,False,forward,PoissonHouman,1,-1,128,4,8,1.0,auto,tanh,none,2,False,False,False,False,False,False,False,False,False,100,False,False,silu,Mamba/PoissonHouman/num_mamba_blocks1_hidden_features8_expansion_factor1.0_dt_rankauto_activationtanh_bidirectionalFalse_ad_modeforward_no_stdeFalse/0,10000,16,0.060475368052721024,0.06329117715358734,0.0,0.004634080481529236,46.39339351654053,112.181884765625,126,51.45723342895508,12.743463516235352,Mamba,0
Mamba/PoissonHouman/num_mamba_blocks2_hidden_features16_expansion_factor1.0_dt_rankauto_activationtanh_bidirectionalTrue_ad_modereverse_no_stdeTrue/0,0,2,10000,50000000,0.001,exponential,0.9995,adamw,0,2000,100,200,20,4,True,0.01,1.0,none,stacked,rademacher,Mamba,True,reverse,PoissonHouman,2,-1,128,4,16,1.0,auto,tanh,none,2,False,False,False,True,False,False,False,False,False,100,False,False,silu,Mamba/PoissonHouman/num_mamba_blocks2_hidden_features16_expansion_factor1.0_dt_rankauto_activationtanh_bidirectionalTrue_ad_modereverse_no_stdeTrue/0,10000,16,0.451847106218338,0.44047850370407104,0.0,0.00895055239200592,89.58769226074219,112.19482421875,649,52.329410552978516,14.193169593811035,Mamba,0
Mamba/PoissonHouman/num_mamba_blocks1_hidden_features8_expansion_factor1.0_dt_rankauto_activationtanh_bidirectionalTrue_ad_modereverse_no_stdeTrue/0,0,2,10000,50000000,0.001,exponential,0.9995,adamw,0,2000,100,200,20,4,True,0.01,1.0,none,stacked,rademacher,Mamba,True,reverse,PoissonHouman,1,-1,128,4,8,1.0,auto,tanh,none,2,False,False,False,True,False,False,False,False,False,100,False,False,silu,Mamba/PoissonHouman/num_mamba_blocks1_hidden_features8_expansion_factor1.0_dt_rankauto_activationtanh_bidirectionalTrue_ad_modereverse_no_stdeTrue/0,10000,16,0.3535834550857544,0.3441217541694641,0.0,0.005145781660079956,51.51544737815857,112.1806640625,205,51.367069244384766,12.603338241577148,Mamba,0
Mamba/PoissonHouman/num_mamba_blocks2_hidden_features8_expansion_factor1.0_dt_rankauto_activationgelu_bidirectionalFalse_ad_modeforward_no_stdeTrue/0,0,2,10000,50000000,0.001,exponential,0.9995,adamw,0,2000,100,200,20,4,True,0.01,1.0,none,forward,rademacher,Mamba,True,forward,PoissonHouman,2,-1,128,4,8,1.0,auto,gelu,none,2,False,False,False,False,False,False,False,False,False,100,False,False,silu,Mamba/PoissonHouman/num_mamba_blocks2_hidden_features8_expansion_factor1.0_dt_rankauto_activationgelu_bidirectionalFalse_ad_modeforward_no_stdeTrue/0,10000,16,0.06977972388267517,0.07678074389696121,0.0,0.006594484114646912,66.01176810264587,112.180419921875,235,51.52863311767578,12.657624244689941,Mamba,0
Mamba/PoissonHouman/num_mamba_blocks1_hidden_features16_expansion_factor1.0_dt_rankauto_activationwave_bidirectionalFalse_ad_modeforward_no_stdeFalse/0,0,2,10000,50000000,0.001,exponential,0.9995,adamw,0,2000,100,200,20,4,True,0.01,1.0,none,sparse_stde,rademacher,Mamba,False,forward,PoissonHouman,1,-1,128,4,16,1.0,auto,wave,none,2,False,False,False,False,False,False,False,False,False,100,False,False,silu,Mamba/PoissonHouman/num_mamba_blocks1_hidden_features16_expansion_factor1.0_dt_rankauto_activationwave_bidirectionalFalse_ad_modeforward_no_stdeFalse/0,10000,16,0.07805673778057098,0.08871636539697647,0.0,0.004859143280982971,48.641010999679565,112.174072265625,192,51.41733932495117,12.621015548706055,Mamba,0
Mamba/PoissonHouman/num_mamba_blocks2_hidden_features8_expansion_factor1.0_dt_rankauto_activationtanh_bidirectionalTrue_ad_modeforward_no_stdeTrue/0,0,2,10000,50000000,0.001,exponential,0.9995,adamw,0,2000,100,200,20,4,True,0.01,1.0,none,forward,rademacher,Mamba,True,forward,PoissonHouman,2,-1,128,4,8,1.0,auto,tanh,none,2,False,False,False,True,False,False,False,False,False,100,False,False,silu,Mamba/PoissonHouman/num_mamba_blocks2_hidden_features8_expansion_factor1.0_dt_rankauto_activationtanh_bidirectionalTrue_ad_modeforward_no_stdeTrue/0,10000,16,0.17651642858982086,0.18713779747486115,0.0,0.009299575304985047,93.08314919471741,112.197021484375,393,51.23366928100586,12.619864463806152,Mamba,0
Mamba/PoissonHouman/num_mamba_blocks1_hidden_features8_expansion_factor1.0_dt_rankauto_activationwave_bidirectionalTrue_ad_modeforward_no_stdeFalse/0,0,2,10000,50000000,0.001,exponential,0.9995,adamw,0,2000,100,200,20,4,True,0.01,1.0,none,sparse_stde,rademacher,Mamba,False,forward,PoissonHouman,1,-1,128,4,8,1.0,auto,wave,none,2,False,False,False,True,False,False,False,False,False,100,False,False,silu,Mamba/PoissonHouman/num_mamba_blocks1_hidden_features8_expansion_factor1.0_dt_rankauto_activationwave_bidirectionalTrue_ad_modeforward_no_stdeFalse/0,10000,16,0.5132566094398499,0.5347115993499756,0.0,0.005888533854484558,58.94238328933716,112.1826171875,207,51.492698669433594,12.68876838684082,Mamba,0
Mamba/PoissonHouman/num_mamba_blocks1_hidden_features16_expansion_factor1.0_dt_rankauto_activationgelu_bidirectionalTrue_ad_modereverse_no_stdeTrue/0,0,2,10000,50000000,0.001,exponential,0.9995,adamw,0,2000,100,200,20,4,True,0.01,1.0,none,stacked,rademacher,Mamba,True,reverse,PoissonHouman,1,-1,128,4,16,1.0,auto,gelu,none,2,False,False,False,True,False,False,False,False,False,100,False,False,silu,Mamba/PoissonHouman/num_mamba_blocks1_hidden_features16_expansion_factor1.0_dt_rankauto_activationgelu_bidirectionalTrue_ad_modereverse_no_stdeTrue/0,10000,16,0.5479852557182312,0.5386205911636353,0.0,0.006183477187156677,61.89077091217041,112.177734375,333,51.322933197021484,12.657668113708496,Mamba,0
Mamba/PoissonHouman/num_mamba_blocks1_hidden_features16_expansion_factor1.0_dt_rankauto_activationgelu_bidirectionalTrue_ad_modeforward_no_stdeTrue/0,0,2,10000,50000000,0.001,exponential,0.9995,adamw,0,2000,100,200,20,4,True,0.01,1.0,none,forward,rademacher,Mamba,True,forward,PoissonHouman,1,-1,128,4,16,1.0,auto,gelu,none,2,False,False,False,True,False,False,False,False,False,100,False,False,silu,Mamba/PoissonHouman/num_mamba_blocks1_hidden_features16_expansion_factor1.0_dt_rankauto_activationgelu_bidirectionalTrue_ad_modeforward_no_stdeTrue/0,10000,16,0.5478155612945557,0.5384919047355652,0.0,0.007238493990898132,72.45564794540405,112.18115234375,333,51.323116302490234,12.65872859954834,Mamba,0
Mamba/PoissonHouman/num_mamba_blocks2_hidden_features16_expansion_factor1.0_dt_rankauto_activationgelu_bidirectionalFalse_ad_modeforward_no_stdeFalse/0,0,2,10000,50000000,0.001,exponential,0.9995,adamw,0,2000,100,200,20,4,True,0.01,1.0,none,sparse_stde,rademacher,Mamba,False,forward,PoissonHouman,2,-1,128,4,16,1.0,auto,gelu,none,2,False,False,False,False,False,False,False,False,False,100,False,False,silu,Mamba/PoissonHouman/num_mamba_blocks2_hidden_features16_expansion_factor1.0_dt_rankauto_activationgelu_bidirectionalFalse_ad_modeforward_no_stdeFalse/0,10000,16,0.035921379923820496,0.03622176870703697,0.0,0.007482058048248291,74.8943350315094,112.1806640625,363,51.44492721557617,12.725112915039062,Mamba,0
Mamba/PoissonHouman/num_mamba_blocks1_hidden_features8_expansion_factor1.0_dt_rankauto_activationtanh_bidirectionalTrue_ad_modeforward_no_stdeFalse/0,0,2,10000,50000000,0.001,exponential,0.9995,adamw,0,2000,100,200,20,4,True,0.01,1.0,none,sparse_stde,rademacher,Mamba,False,forward,PoissonHouman,1,-1,128,4,8,1.0,auto,tanh,none,2,False,False,False,True,False,False,False,False,False,100,False,False,silu,Mamba/PoissonHouman/num_mamba_blocks1_hidden_features8_expansion_factor1.0_dt_rankauto_activationtanh_bidirectionalTrue_ad_modeforward_no_stdeFalse/0,10000,16,0.3533940017223358,0.3439338505268097,0.0,0.0059877833127975465,59.93409752845764,112.1767578125,205,51.366943359375,12.603382110595703,Mamba,0
Mamba/PoissonHouman/num_mamba_blocks1_hidden_features8_expansion_factor1.0_dt_rankauto_activationtanh_bidirectionalTrue_ad_modeforward_no_stdeTrue/0,0,2,10000,50000000,0.001,exponential,0.9995,adamw,0,2000,100,200,20,4,True,0.01,1.0,none,forward,rademacher,Mamba,True,forward,PoissonHouman,1,-1,128,4,8,1.0,auto,tanh,none,2,False,False,False,True,False,False,False,False,False,100,False,False,silu,Mamba/PoissonHouman/num_mamba_blocks1_hidden_features8_expansion_factor1.0_dt_rankauto_activationtanh_bidirectionalTrue_ad_modeforward_no_stdeTrue/0,10000,16,0.3533938527107239,0.34392502903938293,0.0,0.0052038394212722775,52.09297227859497,112.179443359375,205,51.36683654785156,12.603353500366211,Mamba,0
Mamba/PoissonHouman/num_mamba_blocks2_hidden_features16_expansion_factor1.0_dt_rankauto_activationgelu_bidirectionalFalse_ad_modeforward_no_stdeTrue/0,0,2,10000,50000000,0.001,exponential,0.9995,adamw,0,2000,100,200,20,4,True,0.01,1.0,none,forward,rademacher,Mamba,True,forward,PoissonHouman,2,-1,128,4,16,1.0,auto,gelu,none,2,False,False,False,False,False,False,False,False,False,100,False,False,silu,Mamba/PoissonHouman/num_mamba_blocks2_hidden_features16_expansion_factor1.0_dt_rankauto_activationgelu_bidirectionalFalse_ad_modeforward_no_stdeTrue/0,10000,16,0.03596113622188568,0.036262914538383484,0.0,0.009464859175682069,94.75244379043579,112.1796875,363,51.445037841796875,12.725481033325195,Mamba,0
Mamba/PoissonHouman/num_mamba_blocks1_hidden_features16_expansion_factor1.0_dt_rankauto_activationgelu_bidirectionalFalse_ad_modeforward_no_stdeTrue/0,0,2,10000,50000000,0.001,exponential,0.9995,adamw,0,2000,100,200,20,4,True,0.01,1.0,none,forward,rademacher,Mamba,True,forward,PoissonHouman,1,-1,128,4,16,1.0,auto,gelu,none,2,False,False,False,False,False,False,False,False,False,100,False,False,silu,Mamba/PoissonHouman/num_mamba_blocks1_hidden_features16_expansion_factor1.0_dt_rankauto_activationgelu_bidirectionalFalse_ad_modeforward_no_stdeTrue/0,10000,16,0.03881807625293732,0.04156860336661339,0.0,0.005014667701721191,50.19264507293701,112.2021484375,190,51.43027114868164,12.745445251464844,Mamba,0
Mamba/PoissonHouman/num_mamba_blocks1_hidden_features16_expansion_factor1.0_dt_rankauto_activationtanh_bidirectionalTrue_ad_modeforward_no_stdeTrue/0,0,2,10000,50000000,0.001,exponential,0.9995,adamw,0,2000,100,200,20,4,True,0.01,1.0,none,forward,rademacher,Mamba,True,forward,PoissonHouman,1,-1,128,4,16,1.0,auto,tanh,none,2,False,False,False,True,False,False,False,False,False,100,False,False,silu,Mamba/PoissonHouman/num_mamba_blocks1_hidden_features16_expansion_factor1.0_dt_rankauto_activationtanh_bidirectionalTrue_ad_modeforward_no_stdeTrue/0,10000,16,0.7562912106513977,0.7250489592552185,0.0,0.006225617146492004,62.3135085105896,112.181884765625,333,51.409175872802734,12.566387176513672,Mamba,0
Mamba/PoissonHouman/num_mamba_blocks1_hidden_features8_expansion_factor1.0_dt_rankauto_activationwave_bidirectionalTrue_ad_modeforward_no_stdeTrue/0,0,2,10000,50000000,0.001,exponential,0.9995,adamw,0,2000,100,200,20,4,True,0.01,1.0,none,forward,rademacher,Mamba,True,forward,PoissonHouman,1,-1,128,4,8,1.0,auto,wave,none,2,False,False,False,True,False,False,False,False,False,100,False,False,silu,Mamba/PoissonHouman/num_mamba_blocks1_hidden_features8_expansion_factor1.0_dt_rankauto_activationwave_bidirectionalTrue_ad_modeforward_no_stdeTrue/0,10000,16,0.5129508376121521,0.5344010591506958,0.0,0.006108433270454407,61.14927816390991,112.18115234375,207,51.49243927001953,12.68870735168457,Mamba,0
Mamba/PoissonHouman/num_mamba_blocks1_hidden_features8_expansion_factor1.0_dt_rankauto_activationtanh_bidirectionalFalse_ad_modereverse_no_stdeTrue/0,0,2,10000,50000000,0.001,exponential,0.9995,adamw,0,2000,100,200,20,4,True,0.01,1.0,none,stacked,rademacher,Mamba,True,reverse,PoissonHouman,1,-1,128,4,8,1.0,auto,tanh,none,2,False,False,False,False,False,False,False,False,False,100,False,False,silu,Mamba/PoissonHouman/num_mamba_blocks1_hidden_features8_expansion_factor1.0_dt_rankauto_activationtanh_bidirectionalFalse_ad_modereverse_no_stdeTrue/0,10000,16,0.06042742356657982,0.06327195465564728,0.0,0.0032779100179672243,32.813750982284546,112.17431640625,126,51.45767593383789,12.743059158325195,Mamba,0
Mamba/PoissonHouman/num_mamba_blocks1_hidden_features8_expansion_factor1.0_dt_rankauto_activationwave_bidirectionalFalse_ad_modeforward_no_stdeTrue/0,0,2,10000,50000000,0.001,exponential,0.9995,adamw,0,2000,100,200,20,4,True,0.01,1.0,none,forward,rademacher,Mamba,True,forward,PoissonHouman,1,-1,128,4,8,1.0,auto,wave,none,2,False,False,False,False,False,False,False,False,False,100,False,False,silu,Mamba/PoissonHouman/num_mamba_blocks1_hidden_features8_expansion_factor1.0_dt_rankauto_activationwave_bidirectionalFalse_ad_modeforward_no_stdeTrue/0,10000,16,0.10752575099468231,0.12173078209161758,0.0,0.004683663129806518,46.88813233375549,112.17236328125,128,51.425376892089844,12.640457153320312,Mamba,0
Mamba/PoissonHouman/num_mamba_blocks2_hidden_features8_expansion_factor1.0_dt_rankauto_activationgelu_bidirectionalTrue_ad_modeforward_no_stdeTrue/0,0,2,10000,50000000,0.001,exponential,0.9995,adamw,0,2000,100,200,20,4,True,0.01,1.0,none,forward,rademacher,Mamba,True,forward,PoissonHouman,2,-1,128,4,8,1.0,auto,gelu,none,2,False,False,False,True,False,False,False,False,False,100,False,False,silu,Mamba/PoissonHouman/num_mamba_blocks2_hidden_features8_expansion_factor1.0_dt_rankauto_activationgelu_bidirectionalTrue_ad_modeforward_no_stdeTrue/0,10000,16,0.6479806900024414,0.6171553730964661,0.0,0.009620435571670532,96.29470896720886,112.193603515625,393,51.44160461425781,12.652355194091797,Mamba,0
Mamba/PoissonHouman/num_mamba_blocks1_hidden_features16_expansion_factor1.0_dt_rankauto_activationgelu_bidirectionalTrue_ad_modeforward_no_stdeFalse/0,0,2,10000,50000000,0.001,exponential,0.9995,adamw,0,2000,100,200,20,4,True,0.01,1.0,none,sparse_stde,rademacher,Mamba,False,forward,PoissonHouman,1,-1,128,4,16,1.0,auto,gelu,none,2,False,False,False,True,False,False,False,False,False,100,False,False,silu,Mamba/PoissonHouman/num_mamba_blocks1_hidden_features16_expansion_factor1.0_dt_rankauto_activationgelu_bidirectionalTrue_ad_modeforward_no_stdeFalse/0,10000,16,0.5480526089668274,0.5386610627174377,0.0,0.0063561975717544555,63.61570477485657,112.176513671875,333,51.3239860534668,12.658465385437012,Mamba,0
Mamba/PoissonHouman/num_mamba_blocks2_hidden_features8_expansion_factor1.0_dt_rankauto_activationgelu_bidirectionalTrue_ad_modereverse_no_stdeTrue/0,0,2,10000,50000000,0.001,exponential,0.9995,adamw,0,2000,100,200,20,4,True,0.01,1.0,none,stacked,rademacher,Mamba,True,reverse,PoissonHouman,2,-1,128,4,8,1.0,auto,gelu,none,2,False,False,False,True,False,False,False,False,False,100,False,False,silu,Mamba/PoissonHouman/num_mamba_blocks2_hidden_features8_expansion_factor1.0_dt_rankauto_activationgelu_bidirectionalTrue_ad_modereverse_no_stdeTrue/0,10000,16,0.6476253867149353,0.6168519258499146,0.0,0.008311045384407044,83.18751764297485,112.196044921875,393,51.44208908081055,12.652643203735352,Mamba,0
Mamba/PoissonHouman/num_mamba_blocks2_hidden_features8_expansion_factor1.0_dt_rankauto_activationtanh_bidirectionalFalse_ad_modereverse_no_stdeTrue/0,0,2,10000,50000000,0.001,exponential,0.9995,adamw,0,2000,100,200,20,4,True,0.01,1.0,none,stacked,rademacher,Mamba,True,reverse,PoissonHouman,2,-1,128,4,8,1.0,auto,tanh,none,2,False,False,False,False,False,False,False,False,False,100,False,False,silu,Mamba/PoissonHouman/num_mamba_blocks2_hidden_features8_expansion_factor1.0_dt_rankauto_activationtanh_bidirectionalFalse_ad_modereverse_no_stdeTrue/0,10000,16,0.08253458887338638,0.08149203658103943,0.0,0.0054888903856277465,54.94272422790527,112.188720703125,235,51.47172546386719,12.78635311126709,Mamba,0
Mamba/PoissonHouman/num_mamba_blocks1_hidden_features16_expansion_factor1.0_dt_rankauto_activationtanh_bidirectionalFalse_ad_modeforward_no_stdeFalse/0,0,2,10000,50000000,0.001,exponential,0.9995,adamw,0,2000,100,200,20,4,True,0.01,1.0,none,sparse_stde,rademacher,Mamba,False,forward,PoissonHouman,1,-1,128,4,16,1.0,auto,tanh,none,2,False,False,False,False,False,False,False,False,False,100,False,False,silu,Mamba/PoissonHouman/num_mamba_blocks1_hidden_features16_expansion_factor1.0_dt_rankauto_activationtanh_bidirectionalFalse_ad_modeforward_no_stdeFalse/0,10000,16,0.038414448499679565,0.03960471600294113,0.0,0.0047462597370147705,47.51291823387146,112.171875,190,51.465213775634766,12.726736068725586,Mamba,0
Mamba/PoissonHouman/num_mamba_blocks2_hidden_features16_expansion_factor1.0_dt_rankauto_activationtanh_bidirectionalFalse_ad_modeforward_no_stdeTrue/0,0,2,10000,50000000,0.001,exponential,0.9995,adamw,0,2000,100,200,20,4,True,0.01,1.0,none,forward,rademacher,Mamba,True,forward,PoissonHouman,2,-1,128,4,16,1.0,auto,tanh,none,2,False,False,False,False,False,False,False,False,False,100,False,False,silu,Mamba/PoissonHouman/num_mamba_blocks2_hidden_features16_expansion_factor1.0_dt_rankauto_activationtanh_bidirectionalFalse_ad_modeforward_no_stdeTrue/0,10000,16,0.0464354082942009,0.047438137233257294,0.0,0.008133533573150635,81.41501379013062,112.18310546875,363,51.48115158081055,12.697216987609863,Mamba,0
Mamba/PoissonHouman/num_mamba_blocks1_hidden_features8_expansion_factor1.0_dt_rankauto_activationwave_bidirectionalTrue_ad_modereverse_no_stdeTrue/0,0,2,10000,50000000,0.001,exponential,0.9995,adamw,0,2000,100,200,20,4,True,0.01,1.0,none,stacked,rademacher,Mamba,True,reverse,PoissonHouman,1,-1,128,4,8,1.0,auto,wave,none,2,False,False,False,True,False,False,False,False,False,100,False,False,silu,Mamba/PoissonHouman/num_mamba_blocks1_hidden_features8_expansion_factor1.0_dt_rankauto_activationwave_bidirectionalTrue_ad_modereverse_no_stdeTrue/0,10000,16,0.5131173133850098,0.5345659852027893,0.0,0.005492496514320373,54.98375582695007,112.200439453125,207,51.49301528930664,12.686598777770996,Mamba,0
Mamba/PoissonHouman/num_mamba_blocks1_hidden_features16_expansion_factor1.0_dt_rankauto_activationtanh_bidirectionalTrue_ad_modeforward_no_stdeFalse/0,0,2,10000,50000000,0.001,exponential,0.9995,adamw,0,2000,100,200,20,4,True,0.01,1.0,none,sparse_stde,rademacher,Mamba,False,forward,PoissonHouman,1,-1,128,4,16,1.0,auto,tanh,none,2,False,False,False,True,False,False,False,False,False,100,False,False,silu,Mamba/PoissonHouman/num_mamba_blocks1_hidden_features16_expansion_factor1.0_dt_rankauto_activationtanh_bidirectionalTrue_ad_modeforward_no_stdeFalse/0,10000,16,0.756318211555481,0.725047767162323,0.0,0.005967208886146546,59.728238344192505,112.179443359375,333,51.408447265625,12.566558837890625,Mamba,0
Mamba/PoissonHouman/num_mamba_blocks1_hidden_features16_expansion_factor1.0_dt_rankauto_activationwave_bidirectionalFalse_ad_modeforward_no_stdeTrue/0,0,2,10000,50000000,0.001,exponential,0.9995,adamw,0,2000,100,200,20,4,True,0.01,1.0,none,forward,rademacher,Mamba,True,forward,PoissonHouman,1,-1,128,4,16,1.0,auto,wave,none,2,False,False,False,False,False,False,False,False,False,100,False,False,silu,Mamba/PoissonHouman/num_mamba_blocks1_hidden_features16_expansion_factor1.0_dt_rankauto_activationwave_bidirectionalFalse_ad_modeforward_no_stdeTrue/0,10000,16,0.07591492682695389,0.08695637434720993,0.0,0.00528975145816803,52.95014476776123,112.1728515625,192,51.42100524902344,12.620216369628906,Mamba,0
Mamba/PoissonHouman/num_mamba_blocks1_hidden_features8_expansion_factor1.0_dt_rankauto_activationtanh_bidirectionalFalse_ad_modeforward_no_stdeTrue/0,0,2,10000,50000000,0.001,exponential,0.9995,adamw,0,2000,100,200,20,4,True,0.01,1.0,none,forward,rademacher,Mamba,True,forward,PoissonHouman,1,-1,128,4,8,1.0,auto,tanh,none,2,False,False,False,False,False,False,False,False,False,100,False,False,silu,Mamba/PoissonHouman/num_mamba_blocks1_hidden_features8_expansion_factor1.0_dt_rankauto_activationtanh_bidirectionalFalse_ad_modeforward_no_stdeTrue/0,10000,16,0.06050865352153778,0.06330788135528564,0.0,0.004569910764694214,45.753185749053955,112.175537109375,126,51.457420349121094,12.742889404296875,Mamba,0
Mamba/PoissonHouman/num_mamba_blocks1_hidden_features8_expansion_factor1.0_dt_rankauto_activationwave_bidirectionalFalse_ad_modereverse_no_stdeTrue/0,0,2,10000,50000000,0.001,exponential,0.9995,adamw,0,2000,100,200,20,4,True,0.01,1.0,none,stacked,rademacher,Mamba,True,reverse,PoissonHouman,1,-1,128,4,8,1.0,auto,wave,none,2,False,False,False,False,False,False,False,False,False,100,False,False,silu,Mamba/PoissonHouman/num_mamba_blocks1_hidden_features8_expansion_factor1.0_dt_rankauto_activationwave_bidirectionalFalse_ad_modereverse_no_stdeTrue/0,10000,16,0.1074071004986763,0.1216137558221817,0.0,0.004135929298400879,41.40431046485901,112.17431640625,128,51.42543029785156,12.640369415283203,Mamba,0
Mamba/PoissonHouman/num_mamba_blocks2_hidden_features16_expansion_factor1.0_dt_rankauto_activationtanh_bidirectionalFalse_ad_modeforward_no_stdeFalse/0,0,2,10000,50000000,0.001,exponential,0.9995,adamw,0,2000,100,200,20,4,True,0.01,1.0,none,sparse_stde,rademacher,Mamba,False,forward,PoissonHouman,2,-1,128,4,16,1.0,auto,tanh,none,2,False,False,False,False,False,False,False,False,False,100,False,False,silu,Mamba/PoissonHouman/num_mamba_blocks2_hidden_features16_expansion_factor1.0_dt_rankauto_activationtanh_bidirectionalFalse_ad_modeforward_no_stdeFalse/0,10000,16,0.04624558612704277,0.04727873578667641,0.0,0.005988905668258667,59.9459171295166,112.1826171875,363,51.48289489746094,12.697403907775879,Mamba,0
Mamba/PoissonHouman/num_mamba_blocks1_hidden_features16_expansion_factor1.0_dt_rankauto_activationgelu_bidirectionalFalse_ad_modeforward_no_stdeFalse/0,0,2,10000,50000000,0.001,exponential,0.9995,adamw,0,2000,100,200,20,4,True,0.01,1.0,none,sparse_stde,rademacher,Mamba,False,forward,PoissonHouman,1,-1,128,4,16,1.0,auto,gelu,none,2,False,False,False,False,False,False,False,False,False,100,False,False,silu,Mamba/PoissonHouman/num_mamba_blocks1_hidden_features16_expansion_factor1.0_dt_rankauto_activationgelu_bidirectionalFalse_ad_modeforward_no_stdeFalse/0,10000,16,0.03956655040383339,0.04213389754295349,0.0,0.005377724146842957,53.82632756233215,112.1728515625,190,51.43046188354492,12.745457649230957,Mamba,0
Mamba/PoissonHouman/num_mamba_blocks1_hidden_features8_expansion_factor1.0_dt_rankauto_activationgelu_bidirectionalTrue_ad_modereverse_no_stdeTrue/0,0,2,10000,50000000,0.001,exponential,0.9995,adamw,0,2000,100,200,20,4,True,0.01,1.0,none,stacked,rademacher,Mamba,True,reverse,PoissonHouman,1,-1,128,4,8,1.0,auto,gelu,none,2,False,False,False,True,False,False,False,False,False,100,False,False,silu,Mamba/PoissonHouman/num_mamba_blocks1_hidden_features8_expansion_factor1.0_dt_rankauto_activationgelu_bidirectionalTrue_ad_modereverse_no_stdeTrue/0,10000,16,0.4700638949871063,0.4751434326171875,0.0,0.005606262564659119,56.12084674835205,112.17822265625,205,51.26694107055664,12.682947158813477,Mamba,0
Mamba/PoissonHouman/num_mamba_blocks2_hidden_features16_expansion_factor1.0_dt_rankauto_activationtanh_bidirectionalFalse_ad_modereverse_no_stdeTrue/0,0,2,10000,50000000,0.001,exponential,0.9995,adamw,0,2000,100,200,20,4,True,0.01,1.0,none,stacked,rademacher,Mamba,True,reverse,PoissonHouman,2,-1,128,4,16,1.0,auto,tanh,none,2,False,False,False,False,False,False,False,False,False,100,False,False,silu,Mamba/PoissonHouman/num_mamba_blocks2_hidden_features16_expansion_factor1.0_dt_rankauto_activationtanh_bidirectionalFalse_ad_modereverse_no_stdeTrue/0,10000,16,0.04640361666679382,0.04743141680955887,0.0,0.0063392508506774905,63.450334787368774,112.18212890625,363,51.481510162353516,12.697718620300293,Mamba,0
Mamba/PoissonHouman/num_mamba_blocks2_hidden_features16_expansion_factor1.0_dt_rankauto_activationgelu_bidirectionalFalse_ad_modereverse_no_stdeTrue/0,0,2,10000,50000000,0.001,exponential,0.9995,adamw,0,2000,100,200,20,4,True,0.01,1.0,none,stacked,rademacher,Mamba,True,reverse,PoissonHouman,2,-1,128,4,16,1.0,auto,gelu,none,2,False,False,False,False,False,False,False,False,False,100,False,False,silu,Mamba/PoissonHouman/num_mamba_blocks2_hidden_features16_expansion_factor1.0_dt_rankauto_activationgelu_bidirectionalFalse_ad_modereverse_no_stdeTrue/0,10000,16,0.03595062717795372,0.03625171259045601,0.0,0.0070334099292755125,70.40833044052124,112.182861328125,363,51.44549560546875,12.726027488708496,Mamba,0
Mamba/PoissonHouman/num_mamba_blocks1_hidden_features8_expansion_factor1.0_dt_rankauto_activationgelu_bidirectionalTrue_ad_modeforward_no_stdeFalse/0,0,2,10000,50000000,0.001,exponential,0.9995,adamw,0,2000,100,200,20,4,True,0.01,1.0,none,sparse_stde,rademacher,Mamba,False,forward,PoissonHouman,1,-1,128,4,8,1.0,auto,gelu,none,2,False,False,False,True,False,False,False,False,False,100,False,False,silu,Mamba/PoissonHouman/num_mamba_blocks1_hidden_features8_expansion_factor1.0_dt_rankauto_activationgelu_bidirectionalTrue_ad_modeforward_no_stdeFalse/0,10000,16,0.4700227975845337,0.4751059412956238,0.0,0.00591054892539978,59.15990686416626,112.20751953125,205,51.269107818603516,12.682632446289062,Mamba,0
Mamba/PoissonHouman/num_mamba_blocks2_hidden_features16_expansion_factor1.0_dt_rankauto_activationwave_bidirectionalFalse_ad_modereverse_no_stdeTrue/0,0,2,10000,50000000,0.001,exponential,0.9995,adamw,0,2000,100,200,20,4,True,0.01,1.0,none,stacked,rademacher,Mamba,True,reverse,PoissonHouman,2,-1,128,4,16,1.0,auto,wave,none,2,False,False,False,False,False,False,False,False,False,100,False,False,silu,Mamba/PoissonHouman/num_mamba_blocks2_hidden_features16_expansion_factor1.0_dt_rankauto_activationwave_bidirectionalFalse_ad_modereverse_no_stdeTrue/0,10000,16,0.14417824149131775,0.15022312104701996,0.0,0.006710849571228027,67.16919922828674,112.18603515625,367,51.35495376586914,12.647285461425781,Mamba,0
Mamba/PoissonHouman/num_mamba_blocks2_hidden_features16_expansion_factor1.0_dt_rankauto_activationgelu_bidirectionalTrue_ad_modereverse_no_stdeTrue/0,0,2,10000,50000000,0.001,exponential,0.9995,adamw,0,2000,100,200,20,4,True,0.01,1.0,none,stacked,rademacher,Mamba,True,reverse,PoissonHouman,2,-1,128,4,16,1.0,auto,gelu,none,2,False,False,False,True,False,False,False,False,False,100,False,False,silu,Mamba/PoissonHouman/num_mamba_blocks2_hidden_features16_expansion_factor1.0_dt_rankauto_activationgelu_bidirectionalTrue_ad_modereverse_no_stdeTrue/0,10000,16,0.6814914345741272,0.6504948735237122,0.0,0.009653963994979859,96.62265610694885,112.19580078125,649,51.481937408447266,12.6339693069458,Mamba,0
Mamba/PoissonHouman/num_mamba_blocks1_hidden_features16_expansion_factor1.0_dt_rankauto_activationtanh_bidirectionalFalse_ad_modereverse_no_stdeTrue/0,0,2,10000,50000000,0.001,exponential,0.9995,adamw,0,2000,100,200,20,4,True,0.01,1.0,none,stacked,rademacher,Mamba,True,reverse,PoissonHouman,1,-1,128,4,16,1.0,auto,tanh,none,2,False,False,False,False,False,False,False,False,False,100,False,False,silu,Mamba/PoissonHouman/num_mamba_blocks1_hidden_features16_expansion_factor1.0_dt_rankauto_activationtanh_bidirectionalFalse_ad_modereverse_no_stdeTrue/0,10000,16,0.03826678916811943,0.03950061276555061,0.0,0.004611431360244751,46.16355752944946,112.1767578125,190,51.46498489379883,12.726753234863281,Mamba,0
Mamba/PoissonHouman/num_mamba_blocks1_hidden_features8_expansion_factor1.0_dt_rankauto_activationgelu_bidirectionalFalse_ad_modeforward_no_stdeTrue/0,0,2,10000,50000000,0.001,exponential,0.9995,adamw,0,2000,100,200,20,4,True,0.01,1.0,none,forward,rademacher,Mamba,True,forward,PoissonHouman,1,-1,128,4,8,1.0,auto,gelu,none,2,False,False,False,False,False,False,False,False,False,100,False,False,silu,Mamba/PoissonHouman/num_mamba_blocks1_hidden_features8_expansion_factor1.0_dt_rankauto_activationgelu_bidirectionalFalse_ad_modeforward_no_stdeTrue/0,10000,16,0.0415789894759655,0.04415486380457878,0.0,0.0047537912368774415,47.58860778808594,112.1845703125,126,51.44176483154297,12.722925186157227,Mamba,0
Mamba/PoissonHouman/num_mamba_blocks2_hidden_features8_expansion_factor1.0_dt_rankauto_activationtanh_bidirectionalTrue_ad_modeforward_no_stdeFalse/0,0,2,10000,50000000,0.001,exponential,0.9995,adamw,0,2000,100,200,20,4,True,0.01,1.0,none,sparse_stde,rademacher,Mamba,False,forward,PoissonHouman,2,-1,128,4,8,1.0,auto,tanh,none,2,False,False,False,True,False,False,False,False,False,100,False,False,silu,Mamba/PoissonHouman/num_mamba_blocks2_hidden_features8_expansion_factor1.0_dt_rankauto_activationtanh_bidirectionalTrue_ad_modeforward_no_stdeFalse/0,10000,16,0.17657005786895752,0.1871817260980606,0.0,0.007819151401519776,78.25747466087341,112.197998046875,393,51.23368835449219,12.621153831481934,Mamba,0
Mamba/PoissonHouman/num_mamba_blocks1_hidden_features16_expansion_factor1.0_dt_rankauto_activationtanh_bidirectionalTrue_ad_modereverse_no_stdeTrue/0,0,2,10000,50000000,0.001,exponential,0.9995,adamw,0,2000,100,200,20,4,True,0.01,1.0,none,stacked,rademacher,Mamba,True,reverse,PoissonHouman,1,-1,128,4,16,1.0,auto,tanh,none,2,False,False,False,True,False,False,False,False,False,100,False,False,silu,Mamba/PoissonHouman/num_mamba_blocks1_hidden_features16_expansion_factor1.0_dt_rankauto_activationtanh_bidirectionalTrue_ad_modereverse_no_stdeTrue/0,10000,16,0.7560977935791016,0.7248755693435669,0.0,0.006135093522071838,61.40930533409119,112.181396484375,333,51.408966064453125,12.566571235656738,Mamba,0
Mamba/PoissonHouman/num_mamba_blocks1_hidden_features8_expansion_factor1.0_dt_rankauto_activationgelu_bidirectionalTrue_ad_modeforward_no_stdeTrue/0,0,2,10000,50000000,0.001,exponential,0.9995,adamw,0,2000,100,200,20,4,True,0.01,1.0,none,forward,rademacher,Mamba,True,forward,PoissonHouman,1,-1,128,4,8,1.0,auto,gelu,none,2,False,False,False,True,False,False,False,False,False,100,False,False,silu,Mamba/PoissonHouman/num_mamba_blocks1_hidden_features8_expansion_factor1.0_dt_rankauto_activationgelu_bidirectionalTrue_ad_modeforward_no_stdeTrue/0,10000,16,0.4700375199317932,0.47507092356681824,0.0,0.006058257150650025,60.64530539512634,112.201171875,205,51.26691818237305,12.682897567749023,Mamba,0
Mamba/PoissonHouman/num_mamba_blocks1_hidden_features8_expansion_factor1.0_dt_rankauto_activationwave_bidirectionalFalse_ad_modeforward_no_stdeFalse/0,0,2,10000,50000000,0.001,exponential,0.9995,adamw,0,2000,100,200,20,4,True,0.01,1.0,none,sparse_stde,rademacher,Mamba,False,forward,PoissonHouman,1,-1,128,4,8,1.0,auto,wave,none,2,False,False,False,False,False,False,False,False,False,100,False,False,silu,Mamba/PoissonHouman/num_mamba_blocks1_hidden_features8_expansion_factor1.0_dt_rankauto_activationwave_bidirectionalFalse_ad_modeforward_no_stdeFalse/0,10000,16,0.10761576145887375,0.12187019735574722,0.0,0.0047730417490005495,47.78292512893677,112.17138671875,128,51.42630386352539,12.640277862548828,Mamba,0
Mamba/PoissonHouman/num_mamba_blocks1_hidden_features16_expansion_factor1.0_dt_rankauto_activationwave_bidirectionalFalse_ad_modereverse_no_stdeTrue/0,0,2,10000,50000000,0.001,exponential,0.9995,adamw,0,2000,100,200,20,4,True,0.01,1.0,none,stacked,rademacher,Mamba,True,reverse,PoissonHouman,1,-1,128,4,16,1.0,auto,wave,none,2,False,False,False,False,False,False,False,False,False,100,False,False,silu,Mamba/PoissonHouman/num_mamba_blocks1_hidden_features16_expansion_factor1.0_dt_rankauto_activationwave_bidirectionalFalse_ad_modereverse_no_stdeTrue/0,10000,16,0.0745922178030014,0.08570896089076996,0.0,0.005072496581077576,50.77574944496155,112.174072265625,192,51.42058563232422,12.620841979980469,Mamba,0
Mamba/PoissonHouman/num_mamba_blocks1_hidden_features16_expansion_factor1.0_dt_rankauto_activationwave_bidirectionalTrue_ad_modeforward_no_stdeFalse/0,0,2,10000,50000000,0.001,exponential,0.9995,adamw,0,2000,100,200,20,4,True,0.01,1.0,none,sparse_stde,rademacher,Mamba,False,forward,PoissonHouman,1,-1,128,4,16,1.0,auto,wave,none,2,False,False,False,True,False,False,False,False,False,100,False,False,silu,Mamba/PoissonHouman/num_mamba_blocks1_hidden_features16_expansion_factor1.0_dt_rankauto_activationwave_bidirectionalTrue_ad_modeforward_no_stdeFalse/0,10000,16,0.4634433090686798,0.4921419620513916,0.0,0.006283793592453003,62.89730930328369,112.181396484375,335,51.4595832824707,12.678417205810547,Mamba,0
Mamba/PoissonHouman/num_mamba_blocks2_hidden_features16_expansion_factor1.0_dt_rankauto_activationtanh_bidirectionalTrue_ad_modeforward_no_stdeTrue/0,0,2,10000,50000000,0.001,exponential,0.9995,adamw,0,2000,100,200,20,4,True,0.01,1.0,none,forward,rademacher,Mamba,True,forward,PoissonHouman,2,-1,128,4,16,1.0,auto,tanh,none,2,False,False,False,True,False,False,False,False,False,100,False,False,silu,Mamba/PoissonHouman/num_mamba_blocks2_hidden_features16_expansion_factor1.0_dt_rankauto_activationtanh_bidirectionalTrue_ad_modeforward_no_stdeTrue/0,10000,16,0.4431205987930298,0.42147043347358704,0.0,0.010001173543930054,100.09815907478333,112.195556640625,649,51.553443908691406,14.507957458496094,Mamba,0
Mamba/PoissonHouman/num_mamba_blocks2_hidden_features16_expansion_factor1.0_dt_rankauto_activationwave_bidirectionalFalse_ad_modeforward_no_stdeFalse/0,0,2,10000,50000000,0.001,exponential,0.9995,adamw,0,2000,100,200,20,4,True,0.01,1.0,none,sparse_stde,rademacher,Mamba,False,forward,PoissonHouman,2,-1,128,4,16,1.0,auto,wave,none,2,False,False,False,False,False,False,False,False,False,100,False,False,silu,Mamba/PoissonHouman/num_mamba_blocks2_hidden_features16_expansion_factor1.0_dt_rankauto_activationwave_bidirectionalFalse_ad_modeforward_no_stdeFalse/0,10000,16,0.17311321198940277,0.18558140099048615,0.0,0.006258107042312622,62.63277459144592,112.185302734375,367,51.33625411987305,12.642284393310547,Mamba,0
Mamba/PoissonHouman/num_mamba_blocks2_hidden_features16_expansion_factor1.0_dt_rankauto_activationwave_bidirectionalTrue_ad_modeforward_no_stdeFalse/0,0,2,10000,50000000,0.001,exponential,0.9995,adamw,0,2000,100,200,20,4,True,0.01,1.0,none,sparse_stde,rademacher,Mamba,False,forward,PoissonHouman,2,-1,128,4,16,1.0,auto,wave,none,2,False,False,False,True,False,False,False,False,False,100,False,False,silu,Mamba/PoissonHouman/num_mamba_blocks2_hidden_features16_expansion_factor1.0_dt_rankauto_activationwave_bidirectionalTrue_ad_modeforward_no_stdeFalse/0,10000,16,0.8476340770721436,0.8447484970092773,0.0,0.009750757336616516,97.59002637863159,112.198486328125,653,171.5417022705078,22.27259063720703,Mamba,0
Mamba/PoissonHouman/num_mamba_blocks2_hidden_features16_expansion_factor1.0_dt_rankauto_activationwave_bidirectionalTrue_ad_modereverse_no_stdeTrue/0,0,2,10000,50000000,0.001,exponential,0.9995,adamw,0,2000,100,200,20,4,True,0.01,1.0,none,stacked,rademacher,Mamba,True,reverse,PoissonHouman,2,-1,128,4,16,1.0,auto,wave,none,2,False,False,False,True,False,False,False,False,False,100,False,False,silu,Mamba/PoissonHouman/num_mamba_blocks2_hidden_features16_expansion_factor1.0_dt_rankauto_activationwave_bidirectionalTrue_ad_modereverse_no_stdeTrue/0,10000,16,0.8095599412918091,0.8101072907447815,0.0,0.009208525681495666,92.16558027267456,112.1982421875,653,66.87361145019531,22.132946014404297,Mamba,0
Mamba/PoissonHouman/num_mamba_blocks2_hidden_features16_expansion_factor1.0_dt_rankauto_activationgelu_bidirectionalTrue_ad_modeforward_no_stdeFalse/0,0,2,10000,50000000,0.001,exponential,0.9995,adamw,0,2000,100,200,20,4,True,0.01,1.0,none,sparse_stde,rademacher,Mamba,False,forward,PoissonHouman,2,-1,128,4,16,1.0,auto,gelu,none,2,False,False,False,True,False,False,False,False,False,100,False,False,silu,Mamba/PoissonHouman/num_mamba_blocks2_hidden_features16_expansion_factor1.0_dt_rankauto_activationgelu_bidirectionalTrue_ad_modeforward_no_stdeFalse/0,10000,16,0.6804535388946533,0.6495887637138367,0.0,0.009553572368621826,95.61050724983215,112.196533203125,649,51.48236846923828,12.633962631225586,Mamba,0
Mamba/PoissonHouman/num_mamba_blocks1_hidden_features8_expansion_factor1.0_dt_rankauto_activationgelu_bidirectionalFalse_ad_modereverse_no_stdeTrue/0,0,2,10000,50000000,0.001,exponential,0.9995,adamw,0,2000,100,200,20,4,True,0.01,1.0,none,stacked,rademacher,Mamba,True,reverse,PoissonHouman,1,-1,128,4,8,1.0,auto,gelu,none,2,False,False,False,False,False,False,False,False,False,100,False,False,silu,Mamba/PoissonHouman/num_mamba_blocks1_hidden_features8_expansion_factor1.0_dt_rankauto_activationgelu_bidirectionalFalse_ad_modereverse_no_stdeTrue/0,10000,16,0.04155994951725006,0.04412826523184776,0.0,0.004464506816864014,44.69468379020691,112.17333984375,126,51.442115783691406,12.722929954528809,Mamba,0
Mamba/PoissonHouman/num_mamba_blocks2_hidden_features8_expansion_factor1.0_dt_rankauto_activationwave_bidirectionalTrue_ad_modeforward_no_stdeTrue/0,0,2,10000,50000000,0.001,exponential,0.9995,adamw,0,2000,100,200,20,4,True,0.01,1.0,none,forward,rademacher,Mamba,True,forward,PoissonHouman,2,-1,128,4,8,1.0,auto,wave,none,2,False,False,False,True,False,False,False,False,False,100,False,False,silu,Mamba/PoissonHouman/num_mamba_blocks2_hidden_features8_expansion_factor1.0_dt_rankauto_activationwave_bidirectionalTrue_ad_modeforward_no_stdeTrue/0,10000,16,0.507149338722229,0.493299663066864,0.0,0.008711655879020692,87.19594669342041,112.23095703125,397,57.17721176147461,12.976823806762695,Mamba,0
Mamba/PoissonHouman/num_mamba_blocks2_hidden_features16_expansion_factor1.0_dt_rankauto_activationwave_bidirectionalTrue_ad_modeforward_no_stdeTrue/0,0,2,10000,50000000,0.001,exponential,0.9995,adamw,0,2000,100,200,20,4,True,0.01,1.0,none,forward,rademacher,Mamba,True,forward,PoissonHouman,2,-1,128,4,16,1.0,auto,wave,none,2,False,False,False,True,False,False,False,False,False,100,False,False,silu,Mamba/PoissonHouman/num_mamba_blocks2_hidden_features16_expansion_factor1.0_dt_rankauto_activationwave_bidirectionalTrue_ad_modeforward_no_stdeTrue/0,10000,16,0.8438846468925476,0.8390242457389832,0.0,0.011105662846565247,111.15610480308533,112.19921875,653,137.04791259765625,23.3872127532959,Mamba,0
Mamba/PoissonHouman/num_mamba_blocks2_hidden_features8_expansion_factor1.0_dt_rankauto_activationtanh_bidirectionalTrue_ad_modereverse_no_stdeTrue/0,0,2,10000,50000000,0.001,exponential,0.9995,adamw,0,2000,100,200,20,4,True,0.01,1.0,none,stacked,rademacher,Mamba,True,reverse,PoissonHouman,2,-1,128,4,8,1.0,auto,tanh,none,2,False,False,False,True,False,False,False,False,False,100,False,False,silu,Mamba/PoissonHouman/num_mamba_blocks2_hidden_features8_expansion_factor1.0_dt_rankauto_activationtanh_bidirectionalTrue_ad_modereverse_no_stdeTrue/0,10000,16,0.17650608718395233,0.18713311851024628,0.0,0.007611733865737915,76.18554329872131,112.195068359375,393,51.233795166015625,12.619794845581055,Mamba,0
Mamba/PoissonHouman/num_mamba_blocks2_hidden_features8_expansion_factor1.0_dt_rankauto_activationgelu_bidirectionalFalse_ad_modeforward_no_stdeFalse/0,0,2,10000,50000000,0.001,exponential,0.9995,adamw,0,2000,100,200,20,4,True,0.01,1.0,none,sparse_stde,rademacher,Mamba,False,forward,PoissonHouman,2,-1,128,4,8,1.0,auto,gelu,none,2,False,False,False,False,False,False,False,False,False,100,False,False,silu,Mamba/PoissonHouman/num_mamba_blocks2_hidden_features8_expansion_factor1.0_dt_rankauto_activationgelu_bidirectionalFalse_ad_modeforward_no_stdeFalse/0,10000,16,0.0697459876537323,0.07676033675670624,0.0,0.006536367678642273,65.42035961151123,112.18359375,235,51.52919006347656,12.656734466552734,Mamba,0
Mamba/PoissonHouman/num_mamba_blocks1_hidden_features16_expansion_factor1.0_dt_rankauto_activationwave_bidirectionalTrue_ad_modeforward_no_stdeTrue/0,0,2,10000,50000000,0.001,exponential,0.9995,adamw,0,2000,100,200,20,4,True,0.01,1.0,none,forward,rademacher,Mamba,True,forward,PoissonHouman,1,-1,128,4,16,1.0,auto,wave,none,2,False,False,False,True,False,False,False,False,False,100,False,False,silu,Mamba/PoissonHouman/num_mamba_blocks1_hidden_features16_expansion_factor1.0_dt_rankauto_activationwave_bidirectionalTrue_ad_modeforward_no_stdeTrue/0,10000,16,0.4633391797542572,0.4920438528060913,0.0,0.006966547799110412,69.73160195350647,112.1806640625,335,51.459983825683594,12.678641319274902,Mamba,0
Mamba/SemilinearHeatTime/num_mamba_blocks1_hidden_features8_expansion_factor1.0_dt_rankauto_activationtanh_bidirectionalFalse_ad_modeforward_no_stdeFalse/0,0,10,10000,50000000,0.001,exponential,0.9995,adamw,0,2000,100,200,20,4,True,0.01,1.0,none,sparse_stde,rademacher,Mamba,False,forward,SemilinearHeatTime,1,-1,128,4,8,1.0,auto,tanh,none,2,False,False,False,False,False,False,False,False,False,100,False,False,silu,Mamba/SemilinearHeatTime/num_mamba_blocks1_hidden_features8_expansion_factor1.0_dt_rankauto_activationtanh_bidirectionalFalse_ad_modeforward_no_stdeFalse/0,10000,16,0.5394764542579651,0.5394764542579651,0.0,0.005386067366600036,53.910141944885254,117.13232421875,1305,0.012014253996312618,0.0022603454999625683,Mamba,0
Mamba/SemilinearHeatTime/num_mamba_blocks1_hidden_features8_expansion_factor1.0_dt_rankauto_activationtanh_bidirectionalTrue_ad_modereverse_no_stdeTrue/0,0,10,10000,50000000,0.001,exponential,0.9995,adamw,0,2000,100,200,20,4,True,0.01,1.0,none,stacked,rademacher,Mamba,True,reverse,SemilinearHeatTime,1,-1,128,4,8,1.0,auto,tanh,none,2,False,False,False,True,False,False,False,False,False,100,False,False,silu,Mamba/SemilinearHeatTime/num_mamba_blocks1_hidden_features8_expansion_factor1.0_dt_rankauto_activationtanh_bidirectionalTrue_ad_modereverse_no_stdeTrue/0,10000,16,0.5300605893135071,0.5300605893135071,0.0,0.007693746829032898,77.00945901870728,117.1416015625,1663,0.054274506866931915,0.027427207678556442,Mamba,0
Mamba/SemilinearHeatTime/num_mamba_blocks1_hidden_features8_expansion_factor1.0_dt_rankauto_activationwave_bidirectionalTrue_ad_modeforward_no_stdeFalse/0,0,10,10000,50000000,0.001,exponential,0.9995,adamw,0,2000,100,200,20,4,True,0.01,1.0,none,sparse_stde,rademacher,Mamba,False,forward,SemilinearHeatTime,1,-1,128,4,8,1.0,auto,wave,none,2,False,False,False,True,False,False,False,False,False,100,False,False,silu,Mamba/SemilinearHeatTime/num_mamba_blocks1_hidden_features8_expansion_factor1.0_dt_rankauto_activationwave_bidirectionalTrue_ad_modeforward_no_stdeFalse/0,10000,16,0.07228359580039978,0.07228359580039978,0.0,0.008068419933319092,80.76215839385986,117.142822265625,1665,20.419593811035156,9.316110610961914,Mamba,0
Mamba/SemilinearHeatTime/num_mamba_blocks1_hidden_features8_expansion_factor1.0_dt_rankauto_activationtanh_bidirectionalTrue_ad_modeforward_no_stdeFalse/0,0,10,10000,50000000,0.001,exponential,0.9995,adamw,0,2000,100,200,20,4,True,0.01,1.0,none,sparse_stde,rademacher,Mamba,False,forward,SemilinearHeatTime,1,-1,128,4,8,1.0,auto,tanh,none,2,False,False,False,True,False,False,False,False,False,100,False,False,silu,Mamba/SemilinearHeatTime/num_mamba_blocks1_hidden_features8_expansion_factor1.0_dt_rankauto_activationtanh_bidirectionalTrue_ad_modeforward_no_stdeFalse/0,10000,16,0.43951907753944397,0.43951907753944397,0.0,0.0068987834215164185,69.05002975463867,117.141357421875,1663,1.1061551570892334,0.6614541411399841,Mamba,0
Mamba/SemilinearHeatTime/num_mamba_blocks1_hidden_features8_expansion_factor1.0_dt_rankauto_activationtanh_bidirectionalTrue_ad_modeforward_no_stdeTrue/0,0,10,10000,50000000,0.001,exponential,0.9995,adamw,0,2000,100,200,20,4,True,0.01,1.0,none,forward,rademacher,Mamba,True,forward,SemilinearHeatTime,1,-1,128,4,8,1.0,auto,tanh,none,2,False,False,False,True,False,False,False,False,False,100,False,False,silu,Mamba/SemilinearHeatTime/num_mamba_blocks1_hidden_features8_expansion_factor1.0_dt_rankauto_activationtanh_bidirectionalTrue_ad_modeforward_no_stdeTrue/0,10000,16,0.550115168094635,0.550115168094635,0.0,0.006969487118721009,69.75761699676514,117.14111328125,1663,0.04542451351881027,0.023113062605261803,Mamba,0
Mamba/SemilinearHeatTime/num_mamba_blocks1_hidden_features8_expansion_factor1.0_dt_rankauto_activationtanh_bidirectionalFalse_ad_modereverse_no_stdeTrue/0,0,10,10000,50000000,0.001,exponential,0.9995,adamw,0,2000,100,200,20,4,True,0.01,1.0,none,stacked,rademacher,Mamba,True,reverse,SemilinearHeatTime,1,-1,128,4,8,1.0,auto,tanh,none,2,False,False,False,False,False,False,False,False,False,100,False,False,silu,Mamba/SemilinearHeatTime/num_mamba_blocks1_hidden_features8_expansion_factor1.0_dt_rankauto_activationtanh_bidirectionalFalse_ad_modereverse_no_stdeTrue/0,10000,16,0.5393087863922119,0.5393087863922119,0.0,0.0051375006437301635,51.42659664154053,117.1328125,1305,0.01222207210958004,0.0023288920056074858,Mamba,0
Mamba/SemilinearHeatTime/num_mamba_blocks1_hidden_features8_expansion_factor1.0_dt_rankauto_activationwave_bidirectionalTrue_ad_modereverse_no_stdeTrue/0,0,10,10000,50000000,0.001,exponential,0.9995,adamw,0,2000,100,200,20,4,True,0.01,1.0,none,stacked,rademacher,Mamba,True,reverse,SemilinearHeatTime,1,-1,128,4,8,1.0,auto,wave,none,2,False,False,False,True,False,False,False,False,False,100,False,False,silu,Mamba/SemilinearHeatTime/num_mamba_blocks1_hidden_features8_expansion_factor1.0_dt_rankauto_activationwave_bidirectionalTrue_ad_modereverse_no_stdeTrue/0,10000,16,0.10888403654098511,0.10888403654098511,0.0,0.007108300828933716,71.14660120010376,117.142578125,1665,20.86873435974121,9.340987205505371,Mamba,0
Mamba/SemilinearHeatTime/num_mamba_blocks1_hidden_features8_expansion_factor1.0_dt_rankauto_activationtanh_bidirectionalFalse_ad_modeforward_no_stdeTrue/0,0,10,10000,50000000,0.001,exponential,0.9995,adamw,0,2000,100,200,20,4,True,0.01,1.0,none,forward,rademacher,Mamba,True,forward,SemilinearHeatTime,1,-1,128,4,8,1.0,auto,tanh,none,2,False,False,False,False,False,False,False,False,False,100,False,False,silu,Mamba/SemilinearHeatTime/num_mamba_blocks1_hidden_features8_expansion_factor1.0_dt_rankauto_activationtanh_bidirectionalFalse_ad_modeforward_no_stdeTrue/0,10000,16,0.5394341945648193,0.5394341945648193,0.0,0.005506654500961303,55.1195650100708,117.132568359375,1305,0.01200817059725523,0.002256892155855894,Mamba,0
Mamba/AllenCahnTime/num_mamba_blocks1_hidden_features8_expansion_factor1.0_dt_rankauto_activationtanh_bidirectionalFalse_ad_modeforward_no_stdeFalse/0,0,10,10000,50000000,0.001,exponential,0.9995,adamw,0,2000,100,200,20,4,True,0.01,1.0,none,sparse_stde,rademacher,Mamba,False,forward,AllenCahnTime,1,-1,128,4,8,1.0,auto,tanh,none,2,False,False,False,False,False,False,False,False,False,100,False,False,silu,Mamba/AllenCahnTime/num_mamba_blocks1_hidden_features8_expansion_factor1.0_dt_rankauto_activationtanh_bidirectionalFalse_ad_modeforward_no_stdeFalse/0,10000,16,0.1382085531949997,0.1382085531949997,0.0,0.005675104331970215,56.807090044021606,117.13232421875,1305,0.17005789279937744,0.04536344110965729,Mamba,0
Mamba/AllenCahnTime/num_mamba_blocks1_hidden_features8_expansion_factor1.0_dt_rankauto_activationtanh_bidirectionalTrue_ad_modereverse_no_stdeTrue/0,0,10,10000,50000000,0.001,exponential,0.9995,adamw,0,2000,100,200,20,4,True,0.01,1.0,none,stacked,rademacher,Mamba,True,reverse,AllenCahnTime,1,-1,128,4,8,1.0,auto,tanh,none,2,False,False,False,True,False,False,False,False,False,100,False,False,silu,Mamba/AllenCahnTime/num_mamba_blocks1_hidden_features8_expansion_factor1.0_dt_rankauto_activationtanh_bidirectionalTrue_ad_modereverse_no_stdeTrue/0,10000,16,0.13157668709754944,0.13157668709754944,0.0,0.006918608212471008,69.24310684204102,117.14111328125,1663,0.2453676462173462,0.10724435746669769,Mamba,0
Mamba/AllenCahnTime/num_mamba_blocks1_hidden_features8_expansion_factor1.0_dt_rankauto_activationwave_bidirectionalTrue_ad_modeforward_no_stdeFalse/0,0,10,10000,50000000,0.001,exponential,0.9995,adamw,0,2000,100,200,20,4,True,0.01,1.0,none,sparse_stde,rademacher,Mamba,False,forward,AllenCahnTime,1,-1,128,4,8,1.0,auto,wave,none,2,False,False,False,True,False,False,False,False,False,100,False,False,silu,Mamba/AllenCahnTime/num_mamba_blocks1_hidden_features8_expansion_factor1.0_dt_rankauto_activationwave_bidirectionalTrue_ad_modeforward_no_stdeFalse/0,10000,16,0.005726824048906565,0.005726824048906565,0.0,0.00797011239528656,79.77560949325562,117.142822265625,1665,22.871538162231445,21.080488204956055,Mamba,0
Mamba/AllenCahnTime/num_mamba_blocks1_hidden_features8_expansion_factor1.0_dt_rankauto_activationtanh_bidirectionalTrue_ad_modeforward_no_stdeFalse/0,0,10,10000,50000000,0.001,exponential,0.9995,adamw,0,2000,100,200,20,4,True,0.01,1.0,none,sparse_stde,rademacher,Mamba,False,forward,AllenCahnTime,1,-1,128,4,8,1.0,auto,tanh,none,2,False,False,False,True,False,False,False,False,False,100,False,False,silu,Mamba/AllenCahnTime/num_mamba_blocks1_hidden_features8_expansion_factor1.0_dt_rankauto_activationtanh_bidirectionalTrue_ad_modeforward_no_stdeFalse/0,10000,16,0.054249126464128494,0.054249126464128494,0.0,0.0069275536060333254,69.34136652946472,117.141357421875,1663,0.16405247151851654,0.03925890475511551,Mamba,0
Mamba/AllenCahnTime/num_mamba_blocks1_hidden_features8_expansion_factor1.0_dt_rankauto_activationtanh_bidirectionalTrue_ad_modeforward_no_stdeTrue/0,0,10,10000,50000000,0.001,exponential,0.9995,adamw,0,2000,100,200,20,4,True,0.01,1.0,none,forward,rademacher,Mamba,True,forward,AllenCahnTime,1,-1,128,4,8,1.0,auto,tanh,none,2,False,False,False,True,False,False,False,False,False,100,False,False,silu,Mamba/AllenCahnTime/num_mamba_blocks1_hidden_features8_expansion_factor1.0_dt_rankauto_activationtanh_bidirectionalTrue_ad_modeforward_no_stdeTrue/0,10000,16,0.14614441990852356,0.14614441990852356,0.0,0.007089553380012512,70.96312856674194,117.141357421875,1663,0.19526618719100952,0.08544769883155823,Mamba,0
Mamba/AllenCahnTime/num_mamba_blocks1_hidden_features8_expansion_factor1.0_dt_rankauto_activationtanh_bidirectionalFalse_ad_modereverse_no_stdeTrue/0,0,10,10000,50000000,0.001,exponential,0.9995,adamw,0,2000,100,200,20,4,True,0.01,1.0,none,stacked,rademacher,Mamba,True,reverse,AllenCahnTime,1,-1,128,4,8,1.0,auto,tanh,none,2,False,False,False,False,False,False,False,False,False,100,False,False,silu,Mamba/AllenCahnTime/num_mamba_blocks1_hidden_features8_expansion_factor1.0_dt_rankauto_activationtanh_bidirectionalFalse_ad_modereverse_no_stdeTrue/0,10000,16,0.13813962042331696,0.13813962042331696,0.0,0.005225741481781006,52.30848670005798,117.132568359375,1305,0.1701698750257492,0.045332200825214386,Mamba,0
Mamba/AllenCahnTime/num_mamba_blocks1_hidden_features8_expansion_factor1.0_dt_rankauto_activationwave_bidirectionalTrue_ad_modereverse_no_stdeTrue/0,0,10,10000,50000000,0.001,exponential,0.9995,adamw,0,2000,100,200,20,4,True,0.01,1.0,none,stacked,rademacher,Mamba,True,reverse,AllenCahnTime,1,-1,128,4,8,1.0,auto,wave,none,2,False,False,False,True,False,False,False,False,False,100,False,False,silu,Mamba/AllenCahnTime/num_mamba_blocks1_hidden_features8_expansion_factor1.0_dt_rankauto_activationwave_bidirectionalTrue_ad_modereverse_no_stdeTrue/0,10000,16,0.28220134973526,0.28220134973526,0.0,0.007079165148735046,70.85320234298706,117.142822265625,1665,18.147615432739258,10.535926818847656,Mamba,0
Mamba/AllenCahnTime/num_mamba_blocks1_hidden_features8_expansion_factor1.0_dt_rankauto_activationtanh_bidirectionalFalse_ad_modeforward_no_stdeTrue/0,0,10,10000,50000000,0.001,exponential,0.9995,adamw,0,2000,100,200,20,4,True,0.01,1.0,none,forward,rademacher,Mamba,True,forward,AllenCahnTime,1,-1,128,4,8,1.0,auto,tanh,none,2,False,False,False,False,False,False,False,False,False,100,False,False,silu,Mamba/AllenCahnTime/num_mamba_blocks1_hidden_features8_expansion_factor1.0_dt_rankauto_activationtanh_bidirectionalFalse_ad_modeforward_no_stdeTrue/0,10000,16,0.1381687968969345,0.1381687968969345,0.0,0.005430944013595581,54.35914349555969,117.13330078125,1305,0.17022407054901123,0.04541671276092529,Mamba,0
Mamba/SineGordonTime/num_mamba_blocks1_hidden_features8_expansion_factor1.0_dt_rankauto_activationtanh_bidirectionalFalse_ad_modeforward_no_stdeFalse/0,0,10,10000,50000000,0.001,exponential,0.9995,adamw,0,2000,100,200,20,4,True,0.01,1.0,none,sparse_stde,rademacher,Mamba,False,forward,SineGordonTime,1,-1,128,4,8,1.0,auto,tanh,none,2,False,False,False,False,False,False,False,False,False,100,False,False,silu,Mamba/SineGordonTime/num_mamba_blocks1_hidden_features8_expansion_factor1.0_dt_rankauto_activationtanh_bidirectionalFalse_ad_modeforward_no_stdeFalse/0,10000,16,0.3678906261920929,0.3678906261920929,0.0,0.005483882808685303,54.89116668701172,117.13232421875,1305,0.28528088331222534,0.12022915482521057,Mamba,0
Mamba/SineGordonTime/num_mamba_blocks1_hidden_features8_expansion_factor1.0_dt_rankauto_activationtanh_bidirectionalTrue_ad_modereverse_no_stdeTrue/0,0,10,10000,50000000,0.001,exponential,0.9995,adamw,0,2000,100,200,20,4,True,0.01,1.0,none,stacked,rademacher,Mamba,True,reverse,SineGordonTime,1,-1,128,4,8,1.0,auto,tanh,none,2,False,False,False,True,False,False,False,False,False,100,False,False,silu,Mamba/SineGordonTime/num_mamba_blocks1_hidden_features8_expansion_factor1.0_dt_rankauto_activationtanh_bidirectionalTrue_ad_modereverse_no_stdeTrue/0,10000,16,0.5700535178184509,0.5700535178184509,0.0,0.007625543594360352,76.32948184013367,117.1416015625,1663,6.748948097229004,1.2644590139389038,Mamba,0
Mamba/SineGordonTime/num_mamba_blocks1_hidden_features8_expansion_factor1.0_dt_rankauto_activationwave_bidirectionalTrue_ad_modeforward_no_stdeFalse/0,0,10,10000,50000000,0.001,exponential,0.9995,adamw,0,2000,100,200,20,4,True,0.01,1.0,none,sparse_stde,rademacher,Mamba,False,forward,SineGordonTime,1,-1,128,4,8,1.0,auto,wave,none,2,False,False,False,True,False,False,False,False,False,100,False,False,silu,Mamba/SineGordonTime/num_mamba_blocks1_hidden_features8_expansion_factor1.0_dt_rankauto_activationwave_bidirectionalTrue_ad_modeforward_no_stdeFalse/0,10000,16,0.5400905609130859,0.5400905609130859,0.0,0.008200119185447692,82.08267712593079,117.142822265625,1665,17.702308654785156,9.60122299194336,Mamba,0
Mamba/SineGordonTime/num_mamba_blocks1_hidden_features8_expansion_factor1.0_dt_rankauto_activationtanh_bidirectionalTrue_ad_modeforward_no_stdeFalse/0,0,10,10000,50000000,0.001,exponential,0.9995,adamw,0,2000,100,200,20,4,True,0.01,1.0,none,sparse_stde,rademacher,Mamba,False,forward,SineGordonTime,1,-1,128,4,8,1.0,auto,tanh,none,2,False,False,False,True,False,False,False,False,False,100,False,False,silu,Mamba/SineGordonTime/num_mamba_blocks1_hidden_features8_expansion_factor1.0_dt_rankauto_activationtanh_bidirectionalTrue_ad_modeforward_no_stdeFalse/0,10000,16,0.5211576819419861,0.5211576819419861,0.0,0.007106909704208374,71.13941025733948,117.1416015625,1663,0.74970543384552,0.22263595461845398,Mamba,0
Mamba/SineGordonTime/num_mamba_blocks1_hidden_features8_expansion_factor1.0_dt_rankauto_activationtanh_bidirectionalTrue_ad_modeforward_no_stdeTrue/0,0,10,10000,50000000,0.001,exponential,0.9995,adamw,0,2000,100,200,20,4,True,0.01,1.0,none,forward,rademacher,Mamba,True,forward,SineGordonTime,1,-1,128,4,8,1.0,auto,tanh,none,2,False,False,False,True,False,False,False,False,False,100,False,False,silu,Mamba/SineGordonTime/num_mamba_blocks1_hidden_features8_expansion_factor1.0_dt_rankauto_activationtanh_bidirectionalTrue_ad_modeforward_no_stdeTrue/0,10000,16,0.41560181975364685,0.41560181975364685,0.0,0.00685215699672699,68.5833592414856,117.1416015625,1663,1.0591895580291748,0.26668983697891235,Mamba,0
Mamba/SineGordonTime/num_mamba_blocks1_hidden_features8_expansion_factor1.0_dt_rankauto_activationwave_bidirectionalTrue_ad_modeforward_no_stdeTrue/0,0,10,10000,50000000,0.001,exponential,0.9995,adamw,0,2000,100,200,20,4,True,0.01,1.0,none,forward,rademacher,Mamba,True,forward,SineGordonTime,1,-1,128,4,8,1.0,auto,wave,none,2,False,False,False,True,False,False,False,False,False,100,False,False,silu,Mamba/SineGordonTime/num_mamba_blocks1_hidden_features8_expansion_factor1.0_dt_rankauto_activationwave_bidirectionalTrue_ad_modeforward_no_stdeTrue/0,10000,16,0.47735652327537537,0.47735652327537537,0.0,0.007824211478233338,78.31522297859192,117.142822265625,1665,11.118181228637695,6.24130916595459,Mamba,0
Mamba/SineGordonTime/num_mamba_blocks1_hidden_features8_expansion_factor1.0_dt_rankauto_activationtanh_bidirectionalFalse_ad_modereverse_no_stdeTrue/0,0,10,10000,50000000,0.001,exponential,0.9995,adamw,0,2000,100,200,20,4,True,0.01,1.0,none,stacked,rademacher,Mamba,True,reverse,SineGordonTime,1,-1,128,4,8,1.0,auto,tanh,none,2,False,False,False,False,False,False,False,False,False,100,False,False,silu,Mamba/SineGordonTime/num_mamba_blocks1_hidden_features8_expansion_factor1.0_dt_rankauto_activationtanh_bidirectionalFalse_ad_modereverse_no_stdeTrue/0,10000,16,0.36738765239715576,0.36738765239715576,0.0,0.0053430777072906496,53.48024654388428,117.1328125,1305,0.26569873094558716,0.11731811612844467,Mamba,0
Mamba/SineGordonTime/num_mamba_blocks1_hidden_features8_expansion_factor1.0_dt_rankauto_activationwave_bidirectionalTrue_ad_modereverse_no_stdeTrue/0,0,10,10000,50000000,0.001,exponential,0.9995,adamw,0,2000,100,200,20,4,True,0.01,1.0,none,stacked,rademacher,Mamba,True,reverse,SineGordonTime,1,-1,128,4,8,1.0,auto,wave,none,2,False,False,False,True,False,False,False,False,False,100,False,False,silu,Mamba/SineGordonTime/num_mamba_blocks1_hidden_features8_expansion_factor1.0_dt_rankauto_activationwave_bidirectionalTrue_ad_modereverse_no_stdeTrue/0,10000,16,0.4992871880531311,0.4992871880531311,0.0,0.007680045318603516,76.87047743797302,117.14306640625,1665,24.936832427978516,8.026962280273438,Mamba,0
Mamba/SineGordonTime/num_mamba_blocks1_hidden_features8_expansion_factor1.0_dt_rankauto_activationtanh_bidirectionalFalse_ad_modeforward_no_stdeTrue/0,0,10,10000,50000000,0.001,exponential,0.9995,adamw,0,2000,100,200,20,4,True,0.01,1.0,none,forward,rademacher,Mamba,True,forward,SineGordonTime,1,-1,128,4,8,1.0,auto,tanh,none,2,False,False,False,False,False,False,False,False,False,100,False,False,silu,Mamba/SineGordonTime/num_mamba_blocks1_hidden_features8_expansion_factor1.0_dt_rankauto_activationtanh_bidirectionalFalse_ad_modeforward_no_stdeTrue/0,10000,16,0.3671475648880005,0.3671475648880005,0.0,0.005460645437240601,54.65759062767029,117.1328125,1305,0.2726162075996399,0.1155368760228157,Mamba,0
